Metric,Score
max_delta_step,10.0
Training time,136.18756580352783
Average inference time,2.458887732875228e-07
Accuracy,0.9969314833745222
F1 Score,0.9984065518626164
Precision,0.9999993014850893
Recall,0.9968188678781087
ROC AUC,0.9999976941616491
True Negatives,159099.0
False Positives,3.0
False Negatives,13706.0
True Positives,4294823.0
